cliente_id,total_atendimentos,total_gasto,ticket_medio,dias_desde_ultimo_atendimento,intervalo_medio_atendimentos,atendimentos_30d,atendimentos_90d,gasto_90d,quantidade_servicos_diferentes,quantidade_profissionais_diferentes,target_churn
mock-cli-00001,1,162.48,162.48,99,0.0,0,0,0.0,1,1,1
mock-cli-00002,7,1495.73,213.68,3,61.5,1,2,147.79,8,5,0
mock-cli-00003,0,0.0,0.0,-1,0.0,0,0,0.0,0,0,1
mock-cli-00004,0,0.0,0.0,-1,0.0,0,0,0.0,0,0,1
mock-cli-00005,7,1208.66,172.67,1,53.67,1,2,811.75,7,5,0
mock-cli-00006,2,235.39,117.69,89,41.0,0,1,138.19,2,2,0
mock-cli-00007,4,1530.92,382.73,136,80.67,0,0,0.0,3,4,0
mock-cli-00008,5,1346.92,269.38,66,52.5,0,1,160.19,5,4,1
mock-cli-00009,5,547.02,109.4,26,66.5,1,3,373.87,4,5,0
mock-cli-00010,1,248.67,248.67,29,0.0,1,1,248.67,2,1,0
mock-cli-00011,5,747.83,149.57,31,47.5,0,2,169.24,6,4,0
mock-cli-00012,2,713.1,356.55,113,47.0,0,0,0.0,2,2,1
mock-cli-00013,0,0.0,0.0,-1,0.0,0,0,0.0,0,0,1
mock-cli-00014,0,0.0,0.0,-1,0.0,0,0,0.0,0,0,0
mock-cli-00015,6,682.77,113.8,108,52.8,0,0,0.0,7,5,0
mock-cli-00016,0,0.0,0.0,-1,0.0,0,0,0.0,0,0,0
mock-cli-00017,0,0.0,0.0,-1,0.0,0,0,0.0,0,0,1
mock-cli-00018,2,149.25,74.62,119,175.0,0,0,0.0,2,2,1
mock-cli-00019,3,1056.88,352.29,20,98.5,1,1,662.49,4,2,1
mock-cli-00020,11,2038.4,185.31,26,33.9,1,3,742.91,9,6,0
mock-cli-00021,0,0.0,0.0,-1,0.0,0,0,0.0,0,0,0
mock-cli-00022,1,153.33,153.33,31,0.0,0,1,153.33,1,1,0
mock-cli-00023,12,3034.41,252.87,86,29.91,0,1,347.47,13,6,0
mock-cli-00024,0,0.0,0.0,-1,0.0,0,0,0.0,0,0,1
mock-cli-00025,2,217.47,108.73,25,38.0,1,2,217.47,2,2,1
mock-cli-00026,2,293.79,146.9,87,52.0,0,1,187.86,3,2,0
mock-cli-00027,2,157.65,78.83,94,60.0,0,0,0.0,1,2,1
mock-cli-00028,1,54.13,54.13,34,0.0,0,1,54.13,1,1,1
mock-cli-00029,0,0.0,0.0,-1,0.0,0,0,0.0,0,0,1
mock-cli-00030,1,77.16,77.16,29,0.0,1,1,77.16,1,1,0
mock-cli-00031,3,538.91,179.64,15,114.5,1,1,189.46,5,3,1
mock-cli-00032,7,1047.43,149.63,16,63.83,1,2,429.16,7,6,0
mock-cli-00033,6,1227.09,204.51,108,62.0,0,0,0.0,6,6,1
mock-cli-00034,0,0.0,0.0,-1,0.0,0,0,0.0,0,0,0
mock-cli-00035,0,0.0,0.0,-1,0.0,0,0,0.0,0,0,0
mock-cli-00036,0,0.0,0.0,-1,0.0,0,0,0.0,0,0,0
mock-cli-00037,5,1454.28,290.86,124,48.25,0,0,0.0,7,5,1
mock-cli-00038,6,886.45,147.74,24,62.4,1,2,387.95,8,4,0
mock-cli-00039,5,868.5,173.7,29,37.5,1,2,564.48,6,4,0
mock-cli-00040,0,0.0,0.0,-1,0.0,0,0,0.0,0,0,0
mock-cli-00041,0,0.0,0.0,-1,0.0,0,0,0.0,0,0,0
mock-cli-00042,2,86.59,43.3,81,78.0,0,1,42.42,2,2,0
mock-cli-00043,1,132.02,132.02,53,0.0,0,1,132.02,2,1,1
mock-cli-00044,4,363.88,90.97,77,56.67,0,1,54.35,3,4,0
mock-cli-00045,3,340.28,113.43,130,107.0,0,0,0.0,4,3,1
mock-cli-00046,6,1170.42,195.07,70,70.2,0,1,55.73,7,5,1
mock-cli-00047,0,0.0,0.0,-1,0.0,0,0,0.0,0,0,1
mock-cli-00048,0,0.0,0.0,-1,0.0,0,0,0.0,0,0,0
mock-cli-00049,1,287.99,287.99,333,0.0,0,0,0.0,2,1,1
mock-cli-00050,2,279.82,139.91,25,38.0,1,2,279.82,2,2,0
mock-cli-00051,7,2007.85,286.84,38,62.5,0,1,857.43,10,5,0
mock-cli-00052,1,196.88,196.88,30,0.0,1,1,196.88,2,1,0
mock-cli-00053,0,0.0,0.0,-1,0.0,0,0,0.0,0,0,0
mock-cli-00054,0,0.0,0.0,-1,0.0,0,0,0.0,0,0,1
mock-cli-00055,3,355.46,118.49,98,69.5,0,0,0.0,4,2,1
mock-cli-00056,2,629.37,314.69,108,44.0,0,0,0.0,2,2,0
mock-cli-00057,0,0.0,0.0,-1,0.0,0,0,0.0,0,0,0
mock-cli-00058,7,1108.29,158.33,6,69.0,1,2,368.3,7,3,0
mock-cli-00059,4,403.31,100.83,10,48.33,1,2,85.02,4,2,0
mock-cli-00060,0,0.0,0.0,-1,0.0,0,0,0.0,0,0,1
mock-cli-00061,5,1471.47,294.29,49,42.0,0,1,157.85,7,4,1
mock-cli-00062,7,2205.56,315.08,61,42.33,0,1,732.55,6,7,0
mock-cli-00063,1,697.32,697.32,57,0.0,0,1,697.32,1,1,0
mock-cli-00064,0,0.0,0.0,-1,0.0,0,0,0.0,0,0,0
mock-cli-00065,0,0.0,0.0,-1,0.0,0,0,0.0,0,0,1
mock-cli-00066,3,1081.97,360.66,29,64.5,1,1,230.09,4,3,0
mock-cli-00067,1,44.69,44.69,28,0.0,1,1,44.69,1,1,1
mock-cli-00068,0,0.0,0.0,-1,0.0,0,0,0.0,0,0,0
mock-cli-00069,4,992.04,248.01,125,61.33,0,0,0.0,4,4,0
mock-cli-00070,3,670.84,223.61,56,80.0,0,1,311.2,5,2,1
mock-cli-00071,2,337.56,168.78,34,65.0,0,1,187.25,3,2,0
mock-cli-00072,9,2382.97,264.77,20,28.38,1,3,550.98,14,6,0
mock-cli-00073,0,0.0,0.0,-1,0.0,0,0,0.0,0,0,0
mock-cli-00074,4,539.68,134.92,26,69.33,1,1,281.54,5,4,1
mock-cli-00075,11,1755.75,159.61,29,37.4,1,3,564.75,13,6,0
mock-cli-00076,2,231.18,115.59,248,68.0,0,0,0.0,2,2,1
mock-cli-00077,0,0.0,0.0,-1,0.0,0,0,0.0,0,0,1
mock-cli-00078,0,0.0,0.0,-1,0.0,0,0,0.0,0,0,1
mock-cli-00079,0,0.0,0.0,-1,0.0,0,0,0.0,0,0,1
mock-cli-00080,0,0.0,0.0,-1,0.0,0,0,0.0,0,0,1
mock-cli-00081,1,48.07,48.07,53,0.0,0,1,48.07,1,1,0
mock-cli-00082,2,275.7,137.85,222,86.0,0,0,0.0,3,2,0
mock-cli-00083,6,1243.22,207.2,18,33.4,1,2,569.24,9,4,0
mock-cli-00084,8,1733.7,216.71,29,45.0,1,2,843.87,9,7,1
mock-cli-00085,0,0.0,0.0,-1,0.0,0,0,0.0,0,0,0
mock-cli-00086,0,0.0,0.0,-1,0.0,0,0,0.0,0,0,1
mock-cli-00087,2,238.94,119.47,109,30.0,0,0,0.0,2,2,1
mock-cli-00088,0,0.0,0.0,-1,0.0,0,0,0.0,0,0,0
mock-cli-00089,3,491.05,163.68,2,146.0,1,1,156.37,4,3,1
mock-cli-00090,0,0.0,0.0,-1,0.0,0,0,0.0,0,0,0
mock-cli-00091,0,0.0,0.0,-1,0.0,0,0,0.0,0,0,1
mock-cli-00092,4,396.27,99.07,184,80.67,0,0,0.0,5,3,1
mock-cli-00093,0,0.0,0.0,-1,0.0,0,0,0.0,0,0,1
mock-cli-00094,2,239.75,119.88,41,45.0,0,2,239.75,3,2,0
mock-cli-00095,0,0.0,0.0,-1,0.0,0,0,0.0,0,0,0
mock-cli-00096,2,192.96,96.48,135,46.0,0,0,0.0,2,2,1
mock-cli-00097,0,0.0,0.0,-1,0.0,0,0,0.0,0,0,0
mock-cli-00098,5,1076.03,215.21,54,77.75,0,1,133.87,5,5,1
mock-cli-00099,4,1389.99,347.5,11,24.67,1,4,1389.99,7,4,0
mock-cli-00100,3,247.52,82.51,66,60.5,0,1,52.18,3,3,0
mock-cli-00101,10,1752.83,175.28,33,32.78,0,2,457.32,14,7,0
mock-cli-00102,1,140.8,140.8,27,0.0,1,1,140.8,1,1,0
mock-cli-00103,1,96.27,96.27,79,0.0,0,1,96.27,1,1,0
mock-cli-00104,12,3129.74,260.81,59,32.73,0,1,148.39,9,7,0
mock-cli-00105,0,0.0,0.0,-1,0.0,0,0,0.0,0,0,0
mock-cli-00106,3,912.28,304.09,17,47.0,1,2,230.76,5,3,1
mock-cli-00107,3,739.94,246.65,19,21.0,1,3,739.94,6,3,0
mock-cli-00108,3,325.78,108.59,37,46.5,0,2,258.4,4,3,0
mock-cli-00109,3,1144.65,381.55,39,48.5,0,1,744.32,5,2,0
mock-cli-00110,1,193.92,193.92,41,0.0,0,1,193.92,2,1,0
mock-cli-00111,0,0.0,0.0,-1,0.0,0,0,0.0,0,0,1
mock-cli-00112,0,0.0,0.0,-1,0.0,0,0,0.0,0,0,0
mock-cli-00113,2,319.17,159.59,7,144.0,1,1,222.08,4,2,1
mock-cli-00114,0,0.0,0.0,-1,0.0,0,0,0.0,0,0,0
mock-cli-00115,6,981.74,163.62,71,55.6,0,1,131.57,8,6,0
mock-cli-00116,3,448.77,149.59,86,52.5,0,1,197.22,4,2,0
mock-cli-00117,3,405.54,135.18,2,108.0,1,1,201.83,4,3,0
mock-cli-00118,0,0.0,0.0,-1,0.0,0,0,0.0,0,0,0
mock-cli-00119,2,290.63,145.31,94,64.0,0,0,0.0,3,1,0
mock-cli-00120,0,0.0,0.0,-1,0.0,0,0,0.0,0,0,1
mock-cli-00121,6,2065.58,344.26,8,76.2,1,2,826.65,8,5,0
mock-cli-00122,2,291.22,145.61,177,102.0,0,0,0.0,3,2,0
mock-cli-00123,2,189.07,94.54,30,72.0,1,1,152.05,2,2,1
mock-cli-00124,9,2707.81,300.87,16,34.62,1,3,909.46,9,6,0
mock-cli-00125,2,739.74,369.87,65,68.0,0,1,646.24,3,2,0
mock-cli-00126,1,125.67,125.67,337,0.0,0,0,0.0,1,1,1
mock-cli-00127,6,1036.18,172.7,24,49.4,1,2,373.45,9,6,0
mock-cli-00128,0,0.0,0.0,-1,0.0,0,0,0.0,0,0,1
mock-cli-00129,0,0.0,0.0,-1,0.0,0,0,0.0,0,0,0
mock-cli-00130,8,1461.64,182.7,41,51.57,0,2,288.11,8,5,1
mock-cli-00131,5,571.83,114.37,23,78.0,1,2,178.53,6,5,0
mock-cli-00132,0,0.0,0.0,-1,0.0,0,0,0.0,0,0,0
mock-cli-00133,4,788.19,197.05,19,68.33,1,1,622.47,4,4,0
mock-cli-00134,2,129.63,64.81,61,52.0,0,1,51.87,2,1,1
mock-cli-00135,4,877.6,219.4,5,39.33,2,3,700.39,8,4,0
mock-cli-00136,9,1650.44,183.38,0,53.75,1,2,843.44,11,8,1
mock-cli-00137,4,270.64,67.66,19,68.0,1,2,171.46,3,4,1
mock-cli-00138,0,0.0,0.0,-1,0.0,0,0,0.0,0,0,1
mock-cli-00139,0,0.0,0.0,-1,0.0,0,0,0.0,0,0,1
mock-cli-00140,6,1518.91,253.15,34,26.2,0,3,352.34,7,5,0
mock-cli-00141,5,945.84,189.17,9,29.25,1,3,690.5,10,4,0
mock-cli-00142,13,2335.08,179.62,27,34.0,1,3,493.2,14,7,0
mock-cli-00143,0,0.0,0.0,-1,0.0,0,0,0.0,0,0,1
mock-cli-00144,1,100.12,100.12,36,0.0,0,1,100.12,1,1,0
mock-cli-00145,7,967.43,138.2,114,43.83,0,0,0.0,7,3,0
mock-cli-00146,0,0.0,0.0,-1,0.0,0,0,0.0,0,0,0
mock-cli-00147,2,293.95,146.97,9,31.0,1,2,293.95,4,2,0
mock-cli-00148,1,131.58,131.58,26,0.0,1,1,131.58,1,1,0
mock-cli-00149,0,0.0,0.0,-1,0.0,0,0,0.0,0,0,1
mock-cli-00150,0,0.0,0.0,-1,0.0,0,0,0.0,0,0,1
mock-cli-00151,2,249.1,124.55,22,76.0,1,1,135.88,2,2,1
mock-cli-00152,8,1353.86,169.23,39,43.86,0,1,40.61,9,8,0
mock-cli-00153,2,433.26,216.63,1,30.0,1,2,433.26,3,2,0
mock-cli-00154,1,48.16,48.16,198,0.0,0,0,0.0,1,1,0
mock-cli-00155,2,256.52,128.26,12,93.0,1,1,161.67,3,2,1
mock-cli-00156,5,698.47,139.69,9,47.0,1,2,357.94,6,4,0
mock-cli-00157,1,62.59,62.59,175,0.0,0,0,0.0,1,1,0
mock-cli-00158,7,1939.52,277.07,6,24.33,2,4,763.45,11,7,0
mock-cli-00159,2,287.86,143.93,25,87.0,1,1,172.36,2,2,0
mock-cli-00160,3,528.33,176.11,4,59.5,1,2,438.1,4,3,0
mock-cli-00161,3,162.86,54.29,8,167.5,1,2,114.96,3,2,0
mock-cli-00162,0,0.0,0.0,-1,0.0,0,0,0.0,0,0,1
mock-cli-00163,0,0.0,0.0,-1,0.0,0,0,0.0,0,0,0
mock-cli-00164,0,0.0,0.0,-1,0.0,0,0,0.0,0,0,0
mock-cli-00165,1,62.48,62.48,51,0.0,0,1,62.48,1,1,1
mock-cli-00166,4,936.62,234.15,13,33.0,1,3,761.36,5,4,0
mock-cli-00167,9,1251.77,139.09,13,26.12,1,3,430.21,8,8,0
mock-cli-00168,0,0.0,0.0,-1,0.0,0,0,0.0,0,0,1
mock-cli-00169,0,0.0,0.0,-1,0.0,0,0,0.0,0,0,0
mock-cli-00170,13,3427.81,263.68,3,29.5,1,3,1168.63,13,8,0
mock-cli-00171,0,0.0,0.0,-1,0.0,0,0,0.0,0,0,1
mock-cli-00172,5,624.45,124.89,93,58.0,0,0,0.0,4,5,1
mock-cli-00173,5,2119.22,423.84,12,26.5,1,4,1807.73,9,4,0
mock-cli-00174,0,0.0,0.0,-1,0.0,0,0,0.0,0,0,1
mock-cli-00175,0,0.0,0.0,-1,0.0,0,0,0.0,0,0,0
mock-cli-00176,0,0.0,0.0,-1,0.0,0,0,0.0,0,0,0
mock-cli-00177,0,0.0,0.0,-1,0.0,0,0,0.0,0,0,0
mock-cli-00178,3,381.16,127.05,6,185.5,1,1,43.04,4,2,1
mock-cli-00179,0,0.0,0.0,-1,0.0,0,0,0.0,0,0,0
mock-cli-00180,0,0.0,0.0,-1,0.0,0,0,0.0,0,0,1
mock-cli-00181,9,2028.73,225.41,8,32.5,1,4,1321.45,11,6,0
mock-cli-00182,2,189.76,94.88,36,76.0,0,1,137.29,3,1,0
mock-cli-00183,2,228.83,114.41,12,99.0,1,1,143.41,2,2,1
mock-cli-00184,1,43.73,43.73,7,0.0,1,1,43.73,1,1,1
mock-cli-00185,0,0.0,0.0,-1,0.0,0,0,0.0,0,0,0
mock-cli-00186,3,459.35,153.12,3,52.0,1,2,201.63,4,3,1
mock-cli-00187,5,1210.06,242.01,17,64.25,1,1,827.48,4,4,0
mock-cli-00188,5,950.59,190.12,85,43.5,0,1,191.73,7,3,1
mock-cli-00189,0,0.0,0.0,-1,0.0,0,0,0.0,0,0,0
mock-cli-00190,0,0.0,0.0,-1,0.0,0,0,0.0,0,0,0
mock-cli-00191,3,235.75,78.58,121,64.0,0,0,0.0,3,3,1
mock-cli-00192,3,394.58,131.53,17,163.0,1,1,33.8,5,3,1
mock-cli-00193,2,196.76,98.38,18,99.0,1,1,76.03,3,2,0
mock-cli-00194,1,349.86,349.86,350,0.0,0,0,0.0,2,1,0
mock-cli-00195,3,152.83,50.94,38,90.5,0,1,64.22,3,2,1
mock-cli-00196,1,104.94,104.94,6,0.0,1,1,104.94,2,1,0
mock-cli-00197,1,332.16,332.16,20,0.0,1,1,332.16,2,1,1
mock-cli-00198,0,0.0,0.0,-1,0.0,0,0,0.0,0,0,0
mock-cli-00199,7,1227.24,175.32,18,28.83,1,3,649.67,10,7,0
mock-cli-00200,14,3160.32,225.74,7,31.31,2,3,463.85,17,9,0
mock-cli-00201,4,350.76,87.69,59,63.33,0,1,82.67,4,4,0
mock-cli-00202,1,52.71,52.71,122,0.0,0,0,0.0,1,1,1
mock-cli-00203,2,336.18,168.09,10,65.0,1,2,336.18,2,2,0
mock-cli-00204,0,0.0,0.0,-1,0.0,0,0,0.0,0,0,1
mock-cli-00205,6,635.78,105.96,48,35.6,0,2,193.77,6,6,1
mock-cli-00206,0,0.0,0.0,-1,0.0,0,0,0.0,0,0,0
mock-cli-00207,2,190.22,95.11,24,70.0,1,1,91.59,3,2,1
mock-cli-00208,4,1337.18,334.3,8,37.33,1,3,1161.23,8,4,0
mock-cli-00209,1,174.33,174.33,22,0.0,1,1,174.33,2,1,0
mock-cli-00210,1,173.88,173.88,40,0.0,0,1,173.88,2,1,0
mock-cli-00211,1,85.62,85.62,117,0.0,0,0,0.0,1,1,0
mock-cli-00212,4,591.02,147.75,15,26.67,1,3,416.35,5,4,0
mock-cli-00213,1,163.89,163.89,37,0.0,0,1,163.89,1,1,1
mock-cli-00214,0,0.0,0.0,-1,0.0,0,0,0.0,0,0,0
mock-cli-00215,0,0.0,0.0,-1,0.0,0,0,0.0,0,0,0
mock-cli-00216,4,1054.78,263.69,15,112.67,1,2,928.2,5,4,0
mock-cli-00217,0,0.0,0.0,-1,0.0,0,0,0.0,0,0,1
mock-cli-00218,3,467.77,155.92,22,49.5,1,2,388.95,4,3,1
mock-cli-00219,4,605.44,151.36,13,27.33,1,3,456.19,5,3,0
mock-cli-00220,6,1088.46,181.41,11,81.4,1,2,504.73,9,5,0
mock-cli-00221,0,0.0,0.0,-1,0.0,0,0,0.0,0,0,0
mock-cli-00222,8,2641.76,330.22,23,35.86,1,3,1125.87,11,5,0
mock-cli-00223,0,0.0,0.0,-1,0.0,0,0,0.0,0,0,0
mock-cli-00224,3,253.72,84.57,8,140.0,1,1,160.6,3,3,1
mock-cli-00225,4,767.98,192.0,89,105.33,0,1,150.71,4,4,0
mock-cli-00226,0,0.0,0.0,-1,0.0,0,0,0.0,0,0,0
mock-cli-00227,5,628.92,125.78,49,61.5,0,2,186.86,6,5,1
mock-cli-00228,1,132.55,132.55,30,0.0,1,1,132.55,1,1,0
mock-cli-00229,4,1221.51,305.38,10,31.67,1,3,1059.89,6,4,0
mock-cli-00230,0,0.0,0.0,-1,0.0,0,0,0.0,0,0,1
mock-cli-00231,3,488.13,162.71,1,35.0,1,3,488.13,5,2,0
mock-cli-00232,0,0.0,0.0,-1,0.0,0,0,0.0,0,0,0
mock-cli-00233,0,0.0,0.0,-1,0.0,0,0,0.0,0,0,1
mock-cli-00234,6,1362.9,227.15,38,64.8,0,1,677.47,7,5,0
mock-cli-00235,6,896.69,149.45,29,68.4,1,2,232.59,5,5,0
mock-cli-00236,5,893.08,178.62,1,60.75,1,2,329.46,7,4,1
mock-cli-00237,2,260.14,130.07,43,79.0,0,1,123.21,1,1,0
mock-cli-00238,7,1556.29,222.33,12,36.0,1,3,694.2,10,6,0
mock-cli-00239,6,581.63,96.94,89,47.2,0,1,77.05,7,3,1
mock-cli-00240,3,1632.58,544.19,32,32.0,0,2,950.85,4,2,0
mock-cli-00241,0,0.0,0.0,-1,0.0,0,0,0.0,0,0,0
mock-cli-00242,5,535.85,107.17,108,61.5,0,0,0.0,4,3,0
mock-cli-00243,7,556.0,79.43,48,56.33,0,1,33.85,6,6,1
mock-cli-00244,5,1195.14,239.03,4,67.0,1,1,158.59,6,4,1
mock-cli-00245,4,1225.59,306.4,38,27.67,0,2,85.49,6,3,0
mock-cli-00246,5,1092.96,218.59,11,66.0,1,2,295.21,5,3,1
mock-cli-00247,2,803.53,401.76,1,217.0,1,1,125.23,3,2,0
mock-cli-00248,0,0.0,0.0,-1,0.0,0,0,0.0,0,0,0
mock-cli-00249,2,126.16,63.08,122,68.0,0,0,0.0,2,1,0
mock-cli-00250,3,448.42,149.47,94,63.0,0,0,0.0,4,3,0
mock-cli-00251,0,0.0,0.0,-1,0.0,0,0,0.0,0,0,0
mock-cli-00252,2,169.96,84.98,32,52.0,0,2,169.96,3,2,1
mock-cli-00253,1,165.68,165.68,60,0.0,0,1,165.68,1,1,0
mock-cli-00254,4,428.64,107.16,18,80.0,1,2,265.87,4,4,0
mock-cli-00255,6,1821.81,303.63,5,68.0,1,2,917.17,9,5,0
mock-cli-00256,1,78.77,78.77,182,0.0,0,0,0.0,1,1,0
mock-cli-00257,2,327.92,163.96,28,47.0,1,2,327.92,2,2,0
mock-cli-00258,8,1951.76,243.97,2,32.86,1,3,515.23,10,6,0
mock-cli-00259,6,1577.87,262.98,15,23.6,1,3,344.71,10,5,0
mock-cli-00260,1,347.59,347.59,2,0.0,1,1,347.59,2,1,1
mock-cli-00261,1,123.06,123.06,51,0.0,0,1,123.06,1,1,0
mock-cli-00262,1,75.4,75.4,160,0.0,0,0,0.0,1,1,0
mock-cli-00263,0,0.0,0.0,-1,0.0,0,0,0.0,0,0,0
mock-cli-00264,9,2647.38,294.15,29,33.0,1,2,629.77,10,6,0
mock-cli-00265,4,721.84,180.46,16,45.33,1,2,325.19,4,4,0
mock-cli-00266,1,86.73,86.73,40,0.0,0,1,86.73,2,1,1
mock-cli-00267,0,0.0,0.0,-1,0.0,0,0,0.0,0,0,0
mock-cli-00268,4,845.21,211.3,6,48.33,1,2,509.56,6,4,0
mock-cli-00269,0,0.0,0.0,-1,0.0,0,0,0.0,0,0,0
mock-cli-00270,9,2926.12,325.12,14,31.75,1,3,1792.12,11,6,0
mock-cli-00271,0,0.0,0.0,-1,0.0,0,0,0.0,0,0,0
mock-cli-00272,6,1229.16,204.86,11,53.6,1,2,312.53,8,6,1
mock-cli-00273,1,43.26,43.26,7,0.0,1,1,43.26,1,1,1
mock-cli-00274,1,152.43,152.43,88,0.0,0,1,152.43,1,1,1
mock-cli-00275,2,392.7,196.35,8,69.0,1,2,392.7,3,2,1
mock-cli-00276,2,266.5,133.25,13,103.0,1,1,126.42,1,2,0
mock-cli-00277,1,191.31,191.31,18,0.0,1,1,191.31,2,1,1
mock-cli-00278,3,235.65,78.55,77,53.5,0,1,143.45,4,3,1
mock-cli-00279,3,511.82,170.61,29,65.0,1,2,303.11,3,3,1
mock-cli-00280,0,0.0,0.0,-1,0.0,0,0,0.0,0,0,0
mock-cli-00281,0,0.0,0.0,-1,0.0,0,0,0.0,0,0,0
mock-cli-00282,0,0.0,0.0,-1,0.0,0,0,0.0,0,0,0
mock-cli-00283,3,687.8,229.27,76,31.0,0,1,343.91,6,2,0
mock-cli-00284,8,1278.34,159.79,6,52.0,1,2,108.01,8,7,0
mock-cli-00285,5,498.05,99.61,75,77.0,0,1,185.76,4,5,1
mock-cli-00286,11,2838.43,258.04,58,29.9,0,2,672.74,17,6,0
mock-cli-00287,3,340.65,113.55,7,55.0,1,2,307.68,3,3,0
mock-cli-00288,8,2163.67,270.46,27,33.86,1,3,952.46,13,5,0
mock-cli-00289,2,279.02,139.51,24,24.0,1,2,279.02,3,2,0
mock-cli-00290,2,393.59,196.79,176,79.0,0,0,0.0,3,2,1
mock-cli-00291,3,542.26,180.75,43,78.0,0,2,328.73,5,3,0
mock-cli-00292,12,1451.81,120.98,33,30.55,0,1,69.94,11,10,0
mock-cli-00293,6,1594.56,265.76,44,63.6,0,1,55.07,8,5,1
mock-cli-00294,10,1752.47,175.25,18,40.78,1,1,48.81,11,7,0
mock-cli-00295,0,0.0,0.0,-1,0.0,0,0,0.0,0,0,0
mock-cli-00296,0,0.0,0.0,-1,0.0,0,0,0.0,0,0,1
mock-cli-00297,2,669.99,335.0,4,108.0,1,1,614.54,2,2,1
mock-cli-00298,1,342.95,342.95,66,0.0,0,1,342.95,2,1,0
mock-cli-00299,0,0.0,0.0,-1,0.0,0,0,0.0,0,0,0
mock-cli-00300,0,0.0,0.0,-1,0.0,0,0,0.0,0,0,0
mock-cli-00301,0,0.0,0.0,-1,0.0,0,0,0.0,0,0,1
mock-cli-00302,1,52.57,52.57,10,0.0,1,1,52.57,1,1,0
mock-cli-00303,0,0.0,0.0,-1,0.0,0,0,0.0,0,0,0
mock-cli-00304,0,0.0,0.0,-1,0.0,0,0,0.0,0,0,0
mock-cli-00305,3,491.91,163.97,50,47.0,0,1,59.22,5,3,1
mock-cli-00306,0,0.0,0.0,-1,0.0,0,0,0.0,0,0,0
mock-cli-00307,3,374.31,124.77,8,37.5,1,3,374.31,4,3,0
mock-cli-00308,4,1288.91,322.23,114,66.67,0,0,0.0,6,3,0
mock-cli-00309,2,217.89,108.94,275,66.0,0,0,0.0,2,2,1
mock-cli-00310,0,0.0,0.0,-1,0.0,0,0,0.0,0,0,1
mock-cli-00311,1,188.3,188.3,13,0.0,1,1,188.3,1,1,0
mock-cli-00312,0,0.0,0.0,-1,0.0,0,0,0.0,0,0,0
mock-cli-00313,4,608.49,152.12,4,38.67,1,2,192.62,6,4,0
mock-cli-00314,2,462.05,231.02,29,45.0,1,2,462.05,2,2,1
mock-cli-00315,2,214.32,107.16,18,50.0,1,2,214.32,3,2,1
mock-cli-00316,0,0.0,0.0,-1,0.0,0,0,0.0,0,0,0
mock-cli-00317,2,76.75,38.38,102,63.0,0,0,0.0,2,1,0
mock-cli-00318,1,43.04,43.04,53,0.0,0,1,43.04,1,1,1
mock-cli-00319,6,1443.82,240.64,127,37.4,0,0,0.0,7,4,1
mock-cli-00320,3,1248.79,416.26,22,68.0,1,2,949.72,6,3,0
mock-cli-00321,2,130.8,65.4,127,102.0,0,0,0.0,3,2,0
mock-cli-00322,4,484.68,121.17,165,39.33,0,0,0.0,4,4,1
mock-cli-00323,1,89.16,89.16,52,0.0,0,1,89.16,2,1,0
mock-cli-00324,2,335.49,167.75,20,117.0,1,1,76.69,3,2,1
mock-cli-00325,0,0.0,0.0,-1,0.0,0,0,0.0,0,0,1
mock-cli-00326,0,0.0,0.0,-1,0.0,0,0,0.0,0,0,0
mock-cli-00327,2,411.97,205.99,13,46.0,1,2,411.97,4,2,1
mock-cli-00328,3,391.78,130.59,42,77.0,0,1,187.81,3,2,0
mock-cli-00329,1,63.85,63.85,67,0.0,0,1,63.85,1,1,1
mock-cli-00330,1,813.75,813.75,34,0.0,0,1,813.75,2,1,1
mock-cli-00331,8,1632.31,204.04,42,53.0,0,1,84.74,11,6,0
mock-cli-00332,0,0.0,0.0,-1,0.0,0,0,0.0,0,0,0
mock-cli-00333,3,409.43,136.48,38,193.5,0,1,172.21,3,3,0
mock-cli-00334,3,900.35,300.12,5,74.5,1,2,835.62,3,2,0
mock-cli-00335,2,719.41,359.71,21,112.0,1,1,55.2,2,2,1
mock-cli-00336,1,158.25,158.25,263,0.0,0,0,0.0,1,1,0
mock-cli-00337,6,2109.06,351.51,25,48.0,1,2,946.14,7,4,0
mock-cli-00338,1,46.95,46.95,198,0.0,0,0,0.0,1,1,1
mock-cli-00339,0,0.0,0.0,-1,0.0,0,0,0.0,0,0,0
mock-cli-00340,4,602.95,150.74,13,30.0,1,3,382.86,5,2,0
mock-cli-00341,4,1337.69,334.42,143,39.33,0,0,0.0,5,4,1
mock-cli-00342,0,0.0,0.0,-1,0.0,0,0,0.0,0,0,1
mock-cli-00343,10,2793.7,279.37,30,33.78,1,3,1095.51,13,7,0
mock-cli-00344,3,459.03,153.01,2,67.0,1,1,87.99,5,3,0
mock-cli-00345,0,0.0,0.0,-1,0.0,0,0,0.0,0,0,0
mock-cli-00346,6,900.87,150.15,17,35.0,1,2,227.76,8,5,0
mock-cli-00347,2,534.27,267.13,22,32.0,1,2,534.27,4,2,0
mock-cli-00348,0,0.0,0.0,-1,0.0,0,0,0.0,0,0,0
mock-cli-00349,5,878.91,175.78,20,79.25,1,2,250.8,5,4,0
mock-cli-00350,0,0.0,0.0,-1,0.0,0,0,0.0,0,0,0
mock-cli-00351,4,703.91,175.98,125,103.67,0,0,0.0,5,3,1
mock-cli-00352,5,1238.84,247.77,15,61.5,1,2,370.36,7,4,1
mock-cli-00353,2,383.78,191.89,98,192.0,0,0,0.0,4,2,1
mock-cli-00354,3,271.39,90.46,38,69.5,0,1,98.79,3,3,0
mock-cli-00355,3,509.67,169.89,60,54.0,0,1,176.29,3,3,0
mock-cli-00356,5,1365.72,273.14,86,49.75,0,1,804.8,7,3,0
mock-cli-00357,7,1203.96,171.99,7,62.5,1,1,189.82,8,5,1
mock-cli-00358,4,492.77,123.19,6,74.33,1,1,63.72,5,4,1
mock-cli-00359,0,0.0,0.0,-1,0.0,0,0,0.0,0,0,0
mock-cli-00360,12,1848.21,154.02,12,31.09,1,3,507.28,9,10,0
mock-cli-00361,1,53.27,53.27,30,0.0,1,1,53.27,1,1,0
mock-cli-00362,4,488.67,122.17,37,53.33,0,2,249.8,5,3,0
mock-cli-00363,9,2702.21,300.25,12,37.5,1,4,1334.14,13,8,0
mock-cli-00364,5,676.97,135.39,0,82.0,1,1,214.74,5,4,0
mock-cli-00365,1,645.53,645.53,80,0.0,0,1,645.53,1,1,0
mock-cli-00366,2,327.09,163.55,18,78.0,1,1,172.99,3,2,1
mock-cli-00367,2,339.21,169.61,1,35.0,1,2,339.21,4,2,0
mock-cli-00368,2,266.41,133.21,142,118.0,0,0,0.0,2,2,0
mock-cli-00369,2,201.4,100.7,56,57.0,0,1,56.37,2,2,0
mock-cli-00370,0,0.0,0.0,-1,0.0,0,0,0.0,0,0,0
mock-cli-00371,11,3886.82,353.35,17,28.6,1,3,626.23,11,7,0
mock-cli-00372,0,0.0,0.0,-1,0.0,0,0,0.0,0,0,0
mock-cli-00373,2,1470.28,735.14,158,164.0,0,0,0.0,3,1,0
mock-cli-00374,1,59.34,59.34,67,0.0,0,1,59.34,1,1,0
mock-cli-00375,3,527.66,175.89,109,31.0,0,0,0.0,4,3,1
mock-cli-00376,1,88.15,88.15,20,0.0,1,1,88.15,2,1,1
mock-cli-00377,3,256.91,85.64,39,69.5,0,1,38.74,4,3,1
mock-cli-00378,2,77.86,38.93,15,89.0,1,1,34.5,2,2,1
mock-cli-00379,4,485.53,121.38,110,53.0,0,0,0.0,5,4,0
mock-cli-00380,3,541.4,180.47,9,111.0,1,1,155.96,4,3,1
mock-cli-00381,3,328.48,109.49,98,57.5,0,0,0.0,3,2,1
mock-cli-00382,4,350.18,87.55,85,63.33,0,1,35.5,5,4,0
mock-cli-00383,1,130.05,130.05,9,0.0,1,1,130.05,1,1,0
mock-cli-00384,0,0.0,0.0,-1,0.0,0,0,0.0,0,0,0
mock-cli-00385,1,172.72,172.72,39,0.0,0,1,172.72,1,1,1
mock-cli-00386,4,743.14,185.78,6,71.67,1,2,350.43,4,4,0
mock-cli-00387,0,0.0,0.0,-1,0.0,0,0,0.0,0,0,1
mock-cli-00388,7,2145.87,306.55,26,45.33,1,1,146.46,11,5,0
mock-cli-00389,1,243.05,243.05,120,0.0,0,0,0.0,2,1,0
mock-cli-00390,3,397.16,132.39,21,55.0,1,1,76.71,4,3,0
mock-cli-00391,4,584.96,146.24,118,62.33,0,0,0.0,4,3,0
mock-cli-00392,2,226.11,113.06,39,244.0,0,1,42.21,2,2,0
mock-cli-00393,0,0.0,0.0,-1,0.0,0,0,0.0,0,0,1
mock-cli-00394,0,0.0,0.0,-1,0.0,0,0,0.0,0,0,0
mock-cli-00395,3,896.15,298.72,0,78.0,1,2,273.92,4,3,0
mock-cli-00396,1,67.66,67.66,63,0.0,0,1,67.66,1,1,1
mock-cli-00397,7,900.07,128.58,29,30.0,1,3,316.24,9,5,0
mock-cli-00398,1,66.09,66.09,10,0.0,1,1,66.09,1,1,1
mock-cli-00399,2,478.13,239.06,10,29.0,1,2,478.13,4,2,0
mock-cli-00400,2,350.46,175.23,56,41.0,0,1,191.09,3,2,0
mock-cli-00401,0,0.0,0.0,-1,0.0,0,0,0.0,0,0,1
mock-cli-00402,8,2111.48,263.94,4,40.86,1,2,574.75,11,5,0
mock-cli-00403,5,2242.24,448.45,122,59.5,0,0,0.0,5,3,1
mock-cli-00404,1,192.78,192.78,32,0.0,0,1,192.78,1,1,0
mock-cli-00405,1,52.98,52.98,145,0.0,0,0,0.0,1,1,1
mock-cli-00406,2,836.49,418.25,10,72.0,1,2,836.49,3,2,1
mock-cli-00407,1,222.97,222.97,42,0.0,0,1,222.97,2,1,0
mock-cli-00408,0,0.0,0.0,-1,0.0,0,0,0.0,0,0,1
mock-cli-00409,7,801.49,114.5,21,52.0,1,2,114.8,9,6,1
mock-cli-00410,1,56.8,56.8,62,0.0,0,1,56.8,1,1,0
mock-cli-00411,3,798.28,266.09,20,21.0,1,3,798.28,6,3,0
mock-cli-00412,1,63.65,63.65,87,0.0,0,1,63.65,1,1,0
mock-cli-00413,13,2895.07,222.7,2,31.33,1,3,532.98,12,8,0
mock-cli-00414,2,452.84,226.42,50,43.0,0,1,130.16,2,2,0
mock-cli-00415,5,486.6,97.32,2,65.75,1,3,356.15,6,4,0
mock-cli-00416,7,1460.3,208.61,28,54.33,1,2,249.73,9,6,0
mock-cli-00417,0,0.0,0.0,-1,0.0,0,0,0.0,0,0,1
mock-cli-00418,4,615.76,153.94,21,27.67,1,3,397.35,7,3,0
mock-cli-00419,5,779.94,155.99,12,71.75,1,2,233.26,6,4,0
mock-cli-00420,6,1145.16,190.86,103,52.2,0,0,0.0,6,6,0
mock-cli-00421,2,335.01,167.5,35,55.0,0,2,335.01,2,2,0
mock-cli-00422,0,0.0,0.0,-1,0.0,0,0,0.0,0,0,0
mock-cli-00423,4,738.21,184.55,19,51.0,1,2,497.4,6,3,0
mock-cli-00424,1,112.35,112.35,117,0.0,0,0,0.0,2,1,0
mock-cli-00425,5,871.06,174.21,46,56.5,0,2,296.34,7,3,0
mock-cli-00426,0,0.0,0.0,-1,0.0,0,0,0.0,0,0,1
mock-cli-00427,2,297.95,148.97,32,49.0,0,2,297.95,4,2,0
mock-cli-00428,7,1352.83,193.26,20,46.17,1,1,54.56,9,7,0
mock-cli-00429,7,1121.05,160.15,20,48.17,1,2,186.23,4,6,0
mock-cli-00430,1,59.56,59.56,157,0.0,0,0,0.0,1,1,0
mock-cli-00431,0,0.0,0.0,-1,0.0,0,0,0.0,0,0,1
mock-cli-00432,1,36.07,36.07,114,0.0,0,0,0.0,1,1,0
mock-cli-00433,1,67.47,67.47,18,0.0,1,1,67.47,1,1,0
mock-cli-00434,5,837.16,167.43,127,41.5,0,0,0.0,7,4,0
mock-cli-00435,2,164.94,82.47,165,72.0,0,0,0.0,2,2,0
mock-cli-00436,5,730.96,146.19,38,77.0,0,1,193.37,7,5,0
mock-cli-00437,1,97.73,97.73,109,0.0,0,0,0.0,1,1,0
mock-cli-00438,2,781.6,390.8,26,35.0,1,2,781.6,2,2,0
mock-cli-00439,1,45.27,45.27,88,0.0,0,1,45.27,1,1,1
mock-cli-00440,0,0.0,0.0,-1,0.0,0,0,0.0,0,0,0
mock-cli-00441,0,0.0,0.0,-1,0.0,0,0,0.0,0,0,0
mock-cli-00442,0,0.0,0.0,-1,0.0,0,0,0.0,0,0,0
mock-cli-00443,6,1412.97,235.5,8,50.6,1,1,127.84,7,6,0
mock-cli-00444,4,593.25,148.31,43,59.67,0,1,45.53,6,2,0
mock-cli-00445,0,0.0,0.0,-1,0.0,0,0,0.0,0,0,0
mock-cli-00446,0,0.0,0.0,-1,0.0,0,0,0.0,0,0,0
mock-cli-00447,3,386.47,128.82,5,117.5,1,1,160.46,4,3,0
mock-cli-00448,11,2398.35,218.03,4,35.2,1,2,473.28,14,7,0
mock-cli-00449,6,841.01,140.17,77,56.4,0,1,65.34,5,5,0
mock-cli-00450,1,143.45,143.45,16,0.0,1,1,143.45,1,1,0
mock-cli-00451,1,158.71,158.71,85,0.0,0,1,158.71,1,1,1
mock-cli-00452,2,399.21,199.6,32,24.0,0,2,399.21,3,2,0
mock-cli-00453,1,145.32,145.32,38,0.0,0,1,145.32,1,1,1
mock-cli-00454,1,102.12,102.12,32,0.0,0,1,102.12,1,1,0
mock-cli-00455,9,2198.78,244.31,21,38.62,1,3,989.56,11,7,0
mock-cli-00456,0,0.0,0.0,-1,0.0,0,0,0.0,0,0,0
mock-cli-00457,8,1558.66,194.83,20,45.29,1,2,287.95,9,6,0
mock-cli-00458,3,419.84,139.95,82,40.0,0,1,180.97,2,3,0
mock-cli-00459,0,0.0,0.0,-1,0.0,0,0,0.0,0,0,1
mock-cli-00460,1,180.31,180.31,49,0.0,0,1,180.31,1,1,1
mock-cli-00461,5,484.83,96.97,74,37.75,0,1,115.55,5,5,0
mock-cli-00462,7,900.4,128.63,15,66.17,1,2,120.99,7,7,0
mock-cli-00463,2,122.86,61.43,98,109.0,0,0,0.0,2,2,1
mock-cli-00464,7,1238.22,176.89,49,59.67,0,1,122.85,7,6,0
mock-cli-00465,0,0.0,0.0,-1,0.0,0,0,0.0,0,0,1
mock-cli-00466,0,0.0,0.0,-1,0.0,0,0,0.0,0,0,0
mock-cli-00467,10,1948.59,194.86,28,34.0,1,2,260.69,13,7,0
mock-cli-00468,0,0.0,0.0,-1,0.0,0,0,0.0,0,0,0
mock-cli-00469,2,353.14,176.57,149,90.0,0,0,0.0,2,2,1
mock-cli-00470,7,879.29,125.61,27,43.17,1,3,272.3,7,5,0
mock-cli-00471,1,54.03,54.03,83,0.0,0,1,54.03,1,1,1
mock-cli-00472,0,0.0,0.0,-1,0.0,0,0,0.0,0,0,1
mock-cli-00473,0,0.0,0.0,-1,0.0,0,0,0.0,0,0,0
mock-cli-00474,0,0.0,0.0,-1,0.0,0,0,0.0,0,0,1
mock-cli-00475,3,475.84,158.61,39,47.5,0,1,134.32,4,3,1
mock-cli-00476,11,2324.77,211.34,14,34.8,1,3,462.11,13,10,0
mock-cli-00477,6,625.12,104.19,24,44.8,1,2,107.42,6,3,0
mock-cli-00478,0,0.0,0.0,-1,0.0,0,0,0.0,0,0,0
mock-cli-00479,0,0.0,0.0,-1,0.0,0,0,0.0,0,0,0
mock-cli-00480,7,1415.24,202.18,44,28.67,0,2,257.57,9,6,0
mock-cli-00481,2,230.37,115.19,34,48.0,0,2,230.37,2,2,0
mock-cli-00482,0,0.0,0.0,-1,0.0,0,0,0.0,0,0,1
mock-cli-00483,7,1801.28,257.33,26,62.5,1,2,239.44,8,6,0
mock-cli-00484,3,1006.65,335.55,106,68.0,0,0,0.0,4,3,1
mock-cli-00485,0,0.0,0.0,-1,0.0,0,0,0.0,0,0,0
mock-cli-00486,8,2765.43,345.68,19,45.43,1,3,964.25,12,7,0
mock-cli-00487,1,125.35,125.35,256,0.0,0,0,0.0,1,1,0
mock-cli-00488,0,0.0,0.0,-1,0.0,0,0,0.0,0,0,1
mock-cli-00489,0,0.0,0.0,-1,0.0,0,0,0.0,0,0,0
mock-cli-00490,2,550.71,275.36,52,50.0,0,1,250.66,5,2,0
mock-cli-00491,6,955.66,159.28,20,57.4,1,2,307.47,6,4,1
mock-cli-00492,3,365.82,121.94,7,55.5,1,2,307.86,3,3,0
mock-cli-00493,7,1564.84,223.55,7,36.83,1,3,979.72,8,5,0
mock-cli-00494,1,265.68,265.68,71,0.0,0,1,265.68,2,1,1
mock-cli-00495,5,463.59,92.72,26,80.25,1,2,250.08,4,4,0
mock-cli-00496,0,0.0,0.0,-1,0.0,0,0,0.0,0,0,1
mock-cli-00497,5,1048.12,209.62,38,73.25,0,1,217.71,7,4,1
mock-cli-00498,1,43.05,43.05,82,0.0,0,1,43.05,1,1,0
mock-cli-00499,4,592.35,148.09,47,82.0,0,1,170.6,5,4,1
mock-cli-00500,2,187.72,93.86,3,99.0,1,1,97.67,3,2,1
